model_year,brand,model,type,miles_per_gallon,premium_version,msrp,collection_car,,,,,
2016,Toyota,Land Cruiser Base,SUV,13,1,84900,0,,,,,
2014,RAM,ProMaster 2500 Window Van High Roof,Van,15,0,35000,0,,,,,Descriptive statistics:
2002,Ford,Mustang GT,Coupe,16,0,26250,0,,,,,"The Pie Graph shows 1000 cars Model year of which it was created, it ranges"
2012,BMW,428 Gran Coupe i xDrive,Sedan,27,1,45000,0,,,,,"from 2007 - 2020, 2007 has 2.9%, 2011 5.3%, 2014 - 4.9%"
2008,Mercedes-Benz,SL-Class SL500 Roadster,Convertible,18,1,100000,1,,,,,"2015 - 6.2%, 2016 - 6%, 2017 - 6.4 %, 2018 - 9.8%, 2019 - 8.1%"
2008,Lexus,RX 350 Base,SUV,18,0,38000,0,,,,,"2020 - 7.8%, 2021 - 8.6% ,2022 - 7.3%, and lastly 2023 - 4.5%. "
2013,Chevrolet,Express 2500 Work Van,Van,12,0,30000,0,,,,,This totals to 100% of the 1000 cars.
2021,Mercedes-Benz,AMG G 63 Base,SUV,13,1,157000,1,,,,,The year that created a lot of cars is at 2018 which stands at 9.8%
2014,Ford,F-150 XLT,Pickup,17,0,31000,0,,,,,The year that created less cars is at 2007 which stands at 2.9%
2017,Ford,Fusion SE,Sedan,23,0,23000,0,,,,,
2016,Audi,A7 3.0T Premium Plus,Sedan,25,1,68900,0,,,,,
2019,Chevrolet,Impala 1LT,Sedan,28,0,33995,0,,,,,
2020,Lexus,LC 500 Base,Coupe,19,0,92600,0,,,,,Descriptive statistics:
2013,Audi,S3 2.0T Premium Plus,Sedan,22,1,39400,0,,,,,"The Pie Graph shows 1000 car brands, totaling of 12 brands, "
2023,Porsche,911 Carrera S,Coupe,22,1,116000,1,,,,,The most popular brand is ford which is at 11.2 %
2018,Ford,Transit Connect XL,Minivan,24,0,23460,0,,,,,The least popular is Dodge which is only at 2.3%
2018,Audi,A6 2.0T Premium Plus,Sedan,25,1,62000,0,,,,,
2017,Genesis,G80 3.3T Sport,Sedan,20,1,60500,0,,,,,
2021,Ford,F-250 Lariat,Pickup,20,1,55000,0,,,,,
2004,Hummer,H2 Base,SUV,10,0,50000,0,,,,,
2022,Mazda,RX 350 Base,SUV,25,0,45000,0,,,,,
2020,Land,Rover Defender SE,SUV,17,1,57900,0,,,,,
2016,Mercedes-Benz,G-Class G 550 4MATIC,SUV,13,1,123600,1,,,,,
2008,Honda,Pilot EX-L,SUV,18,0,32000,0,,,,,
2022,Ford,Expedition Limited,SUV,20,1,67535,0,,,,,Descriptive statistics:
2015,Land,Rover LR2 Base,SUV,22,0,36450,0,,,,,"The Pie Graph shows 1000 cars type, totaling of 7 types "
2016,Ford,F-150 Lariat,Pickup,18,1,40000,0,,,,,The most car type is the SUV which is at 38.5% out of the 1000 cars
2009,Toyota,FJ Cruiser Base,SUV,17,0,24000,0,,,,,The least car type is the Van which is only at 0.6% out of the 1000 cars
2014,Jeep,Wrangler Sport,SUV,21,0,23945,0,,,,,
2013,Porsche,911 Carrera S,Coupe,20,1,100000,1,,,,,
2011,BMW,M3 Base,Coupe,14,1,61900,1,,,,,
2018,Chevrolet,Colorado Z71,Pickup,20,1,35000,0,,,,,
2022,Jaguar,F-PACE S,SUV,21,1,75000,0,,,,,
2018,RAM,3500 Tradesman,Pickup,12,0,35000,0,,,,,
2016,Mercedes-Benz,S-Class S 63 AMG,Sedan,19,1,143000,1,,,,,
2020,Mercedes-Benz,AMG C 43 Base 4MATIC,Sedan,20,1,84000,0,,,,,
2021,Porsche,911 Carrera,Coupe,20,0,99900,1,,,,,Descriptive statistics:
2017,BMW,740 i,Sedan,22,1,83000,0,,,,,"The Pie Graph shows 1000 cars model name,"
2020,Ford,Bronco Outer Banks Advanced,SUV,21,1,45000,0,,,,,This shows that they are unique and that there are different model names for each car therefore too many to count
2012,Lexus,LS 460 Crafted Line,Sedan,16,1,71900,0,,,,,
2018,Ford,F-150 XL,Pickup,20,0,28740,0,,,,,
2016,Lincoln,MKX Reserve,SUV,21,1,49000,0,,,,,
2019,Nissan,Rogue SV,SUV,26,0,28500,0,,,,,
2018,Ford,F-150 XLT,Pickup,20,0,35000,0,,,,,
2014,BMW,535 i xDrive,Sedan,20,1,60000,0,,,,,
2008,Saturn,Sky Red Line,Convertible,22,1,28100,0,,,,,
2018,Cadillac,XTS Luxury,Sedan,18,1,60000,0,,,,,
2016,Audi,A6 2.0T Sport,Sedan,25,0,52500,0,,,,,Descriptive statistics:
2019,Kia,Stinger GT2,Sedan,20,1,52000,0,,,,,The Pie Graph shows the Miles travelled of the cars per Gallon
2018,Land,Rover Range Rover Supercharged LWB,SUV,18,1,130000,0,,,,,most of the cars travelled 20 miles which is at 20.2 % of the 1000 cars
2016,Land,Rover Range Rover Sport Supercharged,SUV,22,1,85000,0,,,,,least of the cars travelled 14 miles which is only at 4.1% of the 100 cars
2022,Land,Rover Range Rover P525 Westminster,SUV,18,1,104000,0,,,,,
2018,Toyota,Sequoia Platinum,SUV,13,1,62800,0,,,,,
2018,Mercedes-Benz,GLC 300 GLC 300,SUV,25,0,40000,0,,,,,
2022,Mercedes-Benz,AMG G 63 4MATIC,SUV,13,1,157900,1,,,,,
2015,Mercedes-Benz,C-Class C 300 4MATIC Sport,Sedan,24,1,39000,0,,,,,
2010,Chevrolet,Camaro 2SS,Coupe,16,1,31895,0,,,,,
2019,Ford,F-250 Platinum,Pickup,17,1,72000,0,,,,,
2013,Toyota,Tacoma Base,Pickup,21,0,22000,0,,,,,
2015,Cadillac,Escalade ESV Luxury,SUV,16,1,80000,0,,,,,
2021,Chevrolet,Corvette Stingray w/2LT,Coupe,17,1,65000,1,,,,,
2016,Lexus,GX 460 Premium,SUV,15,1,55000,0,,,,,
2020,Lincoln,Navigator Reserve,SUV,18,1,82995,0,,,,,
2017,Chevrolet,Suburban LT,SUV,22,1,60000,0,,,,,
2020,Land,Rover Range Rover 5.0L Supercharged,SUV,18,1,100000,0,,,,,
2017,Mercedes-Benz,C-Class C 300 4MATIC Sport,Sedan,25,1,40000,0,,,,,
2021,Mercedes-Benz,E-Class E 400,Sedan,22,1,62700,0,,,,,
2022,Ford,F-150 Lariat,Pickup,20,1,45000,0,,,,,
2018,Nissan,Armada Platinum,SUV,14,1,61000,0,,,,,
2016,Land,Rover Range Rover Evoque R-Dynamic HSE,SUV,24,1,52000,0,,,,,
2020,Toyota,GR86 Base,Coupe,24,0,29000,0,,,,,
2019,Audi,A3 2.0T Tech Premium,Sedan,29,0,36300,0,,,,,
2014,Audi,S5 3.0T Premium Plus,Coupe,18,1,61000,0,,,,,
2014,Ford,F-150 Lariat,Pickup,18,1,45000,0,,,,,
2013,Lexus,LS 460 Base,Sedan,19,0,72000,0,,,,,
2020,Mercedes-Benz,AMG CLA 45 Base 4MATIC,Sedan,24,1,55000,0,,,,,
2014,Mercedes-Benz,SL-Class SL 550,Convertible,19,1,104000,0,,,,,
2021,Ford,F-150 Platinum,Pickup,20,1,59745,0,,,,,
2020,Maserati,MC20 Base,Coupe,24,0,210000,1,,,,,
2022,Lincoln,Navigator Reserve,SUV,18,1,83960,0,,,,,
2021,Land,Rover Defender X,SUV,17,1,85000,1,,,,,
2023,Chevrolet,Corvette Stingray w/1LT,Coupe,15,0,63900,1,,,,,
2011,BMW,740 i,Sedan,20,1,80000,0,,,,,
2015,Volkswagen,Golf GTI 2.0T SE 4-Door,Hatchback,25,0,28900,0,,,,,
2022,Dodge,Challenger SRT Demon,Coupe,13,1,84995,1,,,,,
2008,Volkswagen,Jetta GLX VR6,Sedan,22,1,25000,0,,,,,
2021,Dodge,Durango R/T,SUV,14,1,63490,0,,,,,
2019,Mercedes-Benz,AMG G 63 Base,SUV,13,1,156450,1,,,,,
2016,Cadillac,Escalade ESV Platinum,SUV,17,1,90000,0,,,,,
2011,RAM,2500 SLT,Pickup,11,0,35000,0,,,,,
2001,Dodge,Dakota SLT Quad Cab,Pickup,15,0,25000,0,,,,,
2020,Lexus,NX 350 F SPORT Handling,SUV,24,1,41000,0,,,,,
2015,Subaru,Outback 2.5i Limited,SUV,26,0,31995,0,,,,,
2007,Volkswagen,GTI Base,Hatchback,24,0,23000,0,,,,,
2017,Jeep,Wrangler Unlimited Sahara,SUV,18,1,38000,0,,,,,
2014,Lexus,RX 350 F Sport,SUV,24,1,45900,0,,,,,
2021,Ford,Expedition Timberline,SUV,17,1,70155,0,,,,,
2023,Land,Rover Defender X,SUV,18,1,82000,0,,,,,
2014,Chevrolet,Suburban 1500 LTZ,SUV,16,1,60940,0,,,,,
2012,BMW,328 i,Sedan,22,0,35000,0,,,,,
2007,BMW,M3 Base,Coupe,16,1,57900,1,,,,,
2016,Audi,A5 2.0T Premium Plus,Coupe,26,1,49000,0,,,,,
2017,Chevrolet,Camaro 2SS,Coupe,18,1,42995,0,,,,,
2005,Ford,Excursion Limited,SUV,12,1,58270,0,,,,,
2018,Chrysler,200 Limited,Sedan,23,0,25000,0,,,,,
2013,Audi,allroad 2.0T Prestige,SUV,20,1,45000,0,,,,,
2023,Maserati,GranTurismo Sport,Coupe,20,1,215000,1,,,,,
2018,Toyota,Tacoma TRD Sport,Pickup,21,0,33500,0,,,,,
2014,Hyundai,Accent GL,Sedan,29,0,15000,0,,,,,
2020,Maserati,Ghibli S GranLusso,Sedan,20,1,103000,0,,,,,
2018,BMW,M4 Base,Coupe,20,1,68800,1,,,,,
2022,RAM,1500 Laramie,Pickup,22,1,45000,0,,,,,
2009,Ford,Flex SEL,SUV,20,0,30000,0,,,,,
2012,Lexus,LS 460 Base,Sedan,19,0,66500,0,,,,,
2010,Mitsubishi,Lancer DE,Sedan,26,0,17999,0,,,,,
2000,Jaguar,XJ8 L,Sedan,18,0,60000,0,,,,,
2017,Lexus,GX 460 Base,SUV,15,0,52905,0,,,,,
2004,Ford,F-250 XLT Super Duty,Pickup,15,0,29500,0,,,,,
2021,Mercedes-Benz,GLC 300 GLC 300,SUV,24,0,43000,0,,,,,
2008,Honda,Civic EX,Sedan,30,0,19000,0,,,,,
2014,BMW,M6 Base,Coupe,18,1,113000,1,,,,,
2017,Mazda,Mazda6 Signature,Sedan,26,1,35000,0,,,,,
2020,Mercedes-Benz,AMG GT 63 S 4-Door,Sedan,15,1,162900,1,,,,,
2021,BMW,M4 Competition xDrive,Coupe,16,1,73800,1,,,,,
2019,Ford,F-150 Lariat,Pickup,20,1,40000,0,,,,,
2016,Mercedes-Benz,AMG G AMG G 63 4MATIC,SUV,13,1,150000,1,,,,,
2008,BMW,M3 Base,Coupe,14,1,57800,1,,,,,
2007,Mazda,MX-5 Miata Grand Touring,Convertible,22,1,27800,0,,,,,
2017,Chevrolet,Suburban Premier,SUV,18,1,75800,0,,,,,
2022,Ford,Expedition Max Limited,SUV,18,1,76000,0,,,,,
2015,Chevrolet,Suburban LTZ,SUV,22,1,70000,0,,,,,
2010,Hyundai,Genesis Coupe 3.8 Track,Coupe,18,1,31900,0,,,,,
2013,Chrysler,300 Touring,Sedan,19,0,30000,0,,,,,
2011,Mercedes-Benz,GL-Class GL 450 4MATIC,SUV,14,1,59500,0,,,,,
2019,Land,Rover Range Rover Sport HSE,SUV,20,1,66850,0,,,,,
2007,Volkswagen,CC Sport,Sedan,20,0,28000,0,,,,,
2007,Jeep,Wrangler Sport,SUV,20,0,24000,0,,,,,
2014,Audi,S4 3.0T Premium Plus,Sedan,18,1,50000,0,,,,,
2021,Porsche,911 Turbo S,Coupe,18,1,207000,1,,,,,
2019,Cadillac,Escalade ESV Platinum,SUV,14,1,89995,0,,,,,
2017,Ford,Explorer XLT,SUV,20,0,31500,0,,,,,
2021,Ford,F-250 King Ranch,Pickup,20,1,56300,0,,,,,
2015,Lincoln,MKZ Base,Sedan,29,0,36000,0,,,,,
2005,Toyota,Tundra SR5 Access Cab,Pickup,15,0,25000,0,,,,,
2021,Jeep,Grand Cherokee L Limited,SUV,21,1,55000,0,,,,,
2017,Land,Rover Range Rover 5.0L Supercharged,SUV,18,1,111000,0,,,,,
2018,Mercedes-Benz,S-Class S 550 4MATIC,Sedan,18,1,96000,0,,,,,
2012,Mercedes-Benz,E-Class E 350 4MATIC,Sedan,20,0,55900,0,,,,,
2022,Mercedes-Benz,AMG GT 53 Base,Coupe,20,1,100000,0,,,,,
2005,Toyota,Camry Solara SLE V6,Coupe,21,1,25900,0,,,,,
2018,Ford,F-150 Lariat,Pickup,20,1,42000,0,,,,,
2008,BMW,M240 i xDrive,Sedan,22,1,40000,0,,,,,
2023,Mercedes-Benz,S-Class S 560 4MATIC,Sedan,20,1,100000,0,,,,,
2015,Ford,Transit Connect XLT,Minivan,24,0,24490,0,,,,,
2018,INFINITI,QX80 Base,SUV,14,0,64900,0,,,,,
2021,Jeep,Grand Cherokee Limited,SUV,22,1,43690,0,,,,,
2022,Jeep,Gladiator Rubicon,Pickup,22,1,50775,0,,,,,
2008,RAM,1500 Laramie,Pickup,15,1,30500,0,,,,,
2003,Lexus,RX 330 Base,SUV,20,0,35000,0,,,,,
2018,BMW,528 i xDrive,Sedan,24,1,52000,0,,,,,
2017,Tesla,Model S 85D,Sedan,90,1,75000,0,,,,,
2018,Lamborghini,Aventador S Base,Coupe,10,1,421321,1,,,,,
2015,BMW,M3 Base,Sedan,17,1,64900,1,,,,,
2020,BMW,M3 CS,Sedan,20,1,100000,1,,,,,
2021,Chevrolet,Camaro 1SS,Coupe,19,1,42900,0,,,,,
2014,Hyundai,Veloster Base,Hatchback,30,0,18400,0,,,,,
2011,Porsche,Cayenne AWD,SUV,18,1,60000,0,,,,,
2007,Ford,E250 Cargo,Van,0,0,0,0,,,,,
2022,Cadillac,Escalade Premium Luxury Platinum,SUV,17,1,113595,0,,,,,
2017,Audi,A5 2.0T Premium,Coupe,25,1,42500,0,,,,,
2022,Tesla,Model S Long Range Plus,Sedan,120,1,79990,0,,,,,
2023,Toyota,Supra A91-MT Edition,Coupe,22,1,60500,0,,,,,
2016,Audi,A4 2.0T Premium Plus quattro,Sedan,24,1,42100,0,,,,,
2009,GMC,Sierra 1500 SLE,Pickup,14,0,30000,0,,,,,
2006,Chevrolet,Corvette Z06,Coupe,19,1,65000,1,,,,,
2018,Jeep,Wrangler Unlimited Rubicon,SUV,21,1,41190,0,,,,,
2015,Lexus,IS 300 Base,Sedan,21,0,39900,0,,,,,
2022,Mercedes-Benz,AMG GLE 53 AMG GLE 53,SUV,19,1,73300,0,,,,,
2014,Mercedes-Benz,CLS-Class CLS 63 AMG S-Model 4MATIC,Sedan,19,1,106600,0,,,,,
2019,Land,Rover Range Rover 5.0L V8 Supercharged,SUV,15,1,90000,0,,,,,
2011,Audi,A4 2.0T Premium,Sedan,24,1,32900,0,,,,,
2007,MINI,Cooper S Base,Hatchback,30,1,23000,0,,,,,
2019,Land,Rover Range Rover Evoque SE Premium,SUV,24,1,48700,0,,,,,
2015,Audi,S4 3.0T Premium Plus,Sedan,22,1,50750,0,,,,,
2019,Audi,SQ5 3.0T Premium Plus,SUV,21,1,55600,0,,,,,
2008,Acura,TLX V6 Advance,Sedan,20,1,35000,0,,,,,
2004,Toyota,Camry Solara SLE,Coupe,24,0,27000,0,,,,,
2006,Cadillac,DTS Base,Sedan,15,0,47000,0,,,,,
2010,Chevrolet,Camaro 1LT,Coupe,19,0,24000,0,,,,,
2004,Buick,Town Car Signature,Sedan,18,1,40000,0,,,,,
2017,Ford,Expedition EL XLT,SUV,18,0,50000,0,,,,,
2022,Rivian,R1S Adventure Package,SUV,74,1,74900,0,,,,,
2019,Ford,F-150 XLT,Pickup,20,0,43000,0,,,,,
2005,Chevrolet,Corvette Base,Coupe,19,1,49995,1,,,,,
2023,Toyota,Sequoia Platinum,SUV,20,1,74900,0,,,,,
2019,Chevrolet,Silverado 1500 High Country,Pickup,20,1,60000,0,,,,,
2019,Audi,Q8 3.0T Prestige,SUV,17,1,74900,0,,,,,
2012,Nissan,Juke SL,SUV,27,1,23900,0,,,,,
2009,Mercedes-Benz,SL-Class SL63 AMG Roadster,Convertible,18,1,139500,1,,,,,
2016,Audi,A4 2.0T Premium,Sedan,26,0,35000,0,,,,,
2008,Chevrolet,Corvette Base,Convertible,18,0,50000,1,,,,,
2019,BMW,530 i,Sedan,26,1,52000,0,,,,,
2016,Land,Rover Range Rover Sport Supercharged HSE,SUV,14,1,83700,0,,,,,
2019,Nissan,Armada SL,SUV,14,0,60400,0,,,,,
2008,Dodge,Ram 1500 ST,Pickup,16,0,22000,0,,,,,
2007,Mercedes-Benz,C-Class C280 4MATIC,Sedan,20,0,37000,0,,,,,
2023,BMW,M4 Competition xDrive,Coupe,16,1,74800,0,,,,,
2021,Audi,Q7 Premium Plus,SUV,21,1,64400,0,,,,,
2017,Land,Rover Range Rover Sport Supercharged HSE,SUV,22,1,78500,0,,,,,
2023,Chevrolet,Corvette Stingray w/3LT,Coupe,15,1,80000,1,,,,,
2020,Tesla,Model Y Performance,SUV,15,1,59990,0,,,,,
2018,BMW,650 Gran Coupe i xDrive,Coupe,22,1,96000,0,,,,,
2008,Saturn,Sky Base,Convertible,20,0,27000,0,,,,,
2017,Ford,F-150 XLT,Pickup,20,0,35000,0,,,,,
2011,Lexus,RX 450h Base,SUV,30,0,45800,0,,,,,
2019,Ford,Mustang GT Premium,Coupe,15,1,45000,0,,,,,
2021,Jeep,Gladiator Willys,Pickup,22,0,44000,0,,,,,
2017,Land,Rover Range Rover Sport HSE,SUV,22,1,69900,0,,,,,
2017,INFINITI,QX60 Base,SUV,20,0,44000,0,,,,,
2015,Chevrolet,Camaro 2SS,Coupe,16,1,38900,0,,,,,
2022,Kia,Sorento LX V6,SUV,24,0,30590,0,,,,,
2013,RAM,3500 Tradesman,Pickup,14,0,30000,0,,,,,
2011,Lexus,IS 250 Base,Sedan,20,0,32950,0,,,,,
2019,Mercedes-Benz,C-Class C 300,Sedan,27,1,41000,0,,,,,
2016,Mercedes-Benz,AMG G 63 Base,SUV,13,1,148900,1,,,,,
2012,MINI,Cooper S Base,Hatchback,28,0,23000,0,,,,,
2018,Chevrolet,Colorado ZR2,Pickup,18,1,43000,0,,,,,
2019,Lincoln,MKC Reserve,SUV,24,1,40845,0,,,,,
2011,Cadillac,CTS Base,Sedan,20,0,35000,0,,,,,
2020,Ford,Explorer XLT,SUV,24,0,35500,0,,,,,
2007,Dodge,Ram 1500 ST,Pickup,16,0,22995,0,,,,,
2008,Land,Rover Range Rover HSE,SUV,14,1,83500,0,,,,,
2018,Chevrolet,Suburban LT,SUV,20,0,57000,0,,,,,
2008,MINI,Cooper Base,Hatchback,28,0,20000,0,,,,,
2019,Audi,A6 55 Prestige,Sedan,25,1,60000,0,,,,,
2015,Chevrolet,Suburban LT,SUV,18,0,51800,0,,,,,
2018,Land,Rover Range Rover 3.0L Supercharged HSE,SUV,20,1,87000,0,,,,,
2017,Land,Rover Range Rover 3.0L Supercharged HSE,SUV,18,1,90000,0,,,,,
2012,Audi,S4 3.0 Prestige,Sedan,20,1,50000,0,,,,,
2014,Porsche,Panamera 4S,Sedan,20,1,100000,0,,,,,
2016,Cadillac,XT6 Premium Luxury AWD,SUV,20,1,60000,0,,,,,
2007,Lexus,GX 470 Base,SUV,15,0,50000,0,,,,,
2008,Honda,Element EX,SUV,20,0,23900,0,,,,,
2009,BMW,M3 Base,Coupe,14,1,62000,1,,,,,
2005,Chevrolet,Camaro 2SS,Coupe,18,0,30000,1,,,,,
2015,Toyota,Tundra SR5 Access Cab,Pickup,15,0,33000,0,,,,,
2020,Ford,Edge SEL,SUV,25,0,33500,0,,,,,
2017,Lexus,RX 350 Base,SUV,20,0,42950,0,,,,,
2012,Land,Rover Range Rover Sport HSE,SUV,14,1,58900,0,,,,,
2019,Toyota,Highlander Limited Platinum,SUV,20,1,45000,0,,,,,
2009,Chevrolet,Avalanche 1500 LT,Pickup,14,0,35300,0,,,,,
2020,Porsche,Macan S,SUV,19,1,63500,0,,,,,
2016,Land,Rover Range Rover Supercharged LWB,SUV,16,1,110000,0,,,,,
2021,Tesla,Model Y Long Range,SUV,131,1,53990,0,,,,,
2015,Acura,TLX V6 Advance,Sedan,21,1,43000,0,,,,,
2011,Lexus,RX 350 Base,SUV,22,0,39400,0,,,,,
2023,Land,Rover Range Rover Sport P400 SE Dynamic,SUV,22,1,75000,0,,,,,
2008,Cadillac,Escalade Base,SUV,12,0,65490,0,,,,,
2023,Tesla,Model Y Performance,SUV,110,1,66990,0,,,,,
2013,Hyundai,Genesis 5,Sedan,24,0,35000,0,,,,,
2017,Cadillac,Escalade ESV Platinum,SUV,17,1,100000,0,,,,,
2016,Land,Rover Range Rover 5.0L Supercharged Autobiography LWB,SUV,14,1,180000,0,,,,,
2004,Land,Rover Discovery LSE,SUV,15,0,40000,0,,,,,
2019,Kia,Sorento Plug-In Hybrid SX Prestige,SUV,30,1,45000,0,,,,,
2022,Audi,Q7 Premium Plus,SUV,21,1,62900,0,,,,,
2012,INFINITI,G37 x,Sedan,20,0,35100,0,,,,,
2020,Land,Rover Range Rover Velar P250 S R-Dynamic,SUV,24,1,59900,0,,,,,
2021,Toyota,4Runner SR5,SUV,16,0,36740,0,,,,,
2021,Ford,F-PACE S,SUV,23,1,65000,0,,,,,
2017,Nissan,Armada Platinum,SUV,19,1,65000,0,,,,,
2011,Ford,Expedition EL Limited,SUV,14,1,54670,0,,,,,
2023,Lexus,GX 460 Premium,SUV,15,1,60000,0,,,,,
2005,Hyundai,Genesis Coupe 3.8 Track,Coupe,18,0,29500,0,,,,,
2007,Mercedes-Benz,SL-Class SL600 Roadster,Convertible,15,1,137600,0,,,,,
2012,Cadillac,CTS Luxury,Sedan,20,1,43000,0,,,,,
2021,Ford,F-150 XLT,Pickup,20,0,40000,0,,,,,
2018,Toyota,Tundra SR5,Pickup,15,0,37000,0,,,,,
2004,Toyota,FJ Cruiser Base,SUV,16,0,25000,0,,,,,
2014,Mercedes-Benz,E-Class E 350,Sedan,21,1,52800,0,,,,,
2020,Hyundai,Tucson SEL,SUV,25,0,28500,0,,,,,
2021,Ford,Mustang Bullitt,Coupe,15,1,50000,1,,,,,
2018,Porsche,Cayenne S,SUV,18,1,80100,0,,,,,
2016,INFINITI,QX56 Base,SUV,14,1,65750,0,,,,,
2019,Porsche,Macan S,SUV,22,1,61000,0,,,,,
2014,BMW,i3 Base w/Range Extender,Hatchback,97,0,45700,0,,,,,
2008,Pontiac,Solstice GXP,Convertible,19,1,30745,0,,,,,
2017,BMW,M4 Base,Coupe,21,1,67800,0,,,,,
2012,Land,Rover Range Rover Sport Supercharged HSE,SUV,12,1,61900,0,,,,,
2017,Lincoln,MKZ Reserve,Sedan,25,1,40000,0,,,,,
2018,Audi,SQ5 3.0T Prestige,SUV,19,1,55000,0,,,,,
2022,Mercedes-Benz,GLE 350 Base,SUV,20,0,54300,0,,,,,
2003,Hummer,H2 Base,SUV,10,0,50000,0,,,,,
2017,Chevrolet,Silverado 1500 Limited Custom,Pickup,18,0,36000,0,,,,,
2016,Jeep,Wrangler Sport,SUV,17,0,24000,0,,,,,
2021,Cadillac,Escalade Premium Luxury Platinum,SUV,17,1,94995,0,,,,,
2021,Tesla,Model X Long Range Plus,SUV,90,1,89990,0,,,,,
2007,Toyota,Camry Solara SLE V6,Coupe,21,0,28920,0,,,,,
2011,BMW,328 i,Sedan,20,0,35000,0,,,,,
2018,Audi,A5 2.0T Premium,Coupe,26,1,50800,0,,,,,
2014,BMW,M235 i,Coupe,22,1,44000,0,,,,,
2022,Ford,Bronco Wildtrak Advanced,SUV,20,1,60000,0,,,,,
2014,Nissan,Pathfinder Silver,SUV,20,0,29000,0,,,,,
2020,BMW,530 i xDrive,Sedan,25,0,55900,0,,,,,
2021,Chevrolet,Silverado 1500 LT Trail Boss,Pickup,17,0,48700,0,,,,,
2019,Audi,A8 L 55,Sedan,23,1,83500,0,,,,,
2015,BMW,435 i xDrive,Coupe,26,1,50000,0,,,,,
2023,Lamborghini,Aventador SVJ Base,Coupe,10,1,517000,1,,,,,
2019,Ford,Expedition Max Limited,SUV,20,1,73995,0,,,,,
2010,GMC,Terrain SLT-1,SUV,23,0,29000,0,,,,,
2021,Ford,F-150 Lariat,Pickup,19,1,49000,0,,,,,
2021,Porsche,Carrera GT Base,Coupe,15,1,210000,1,,,,,
2021,Alfa,Romeo Giulia Ti,Sedan,24,0,41900,0,,,,,
2015,INFINITI,QX70 Base,SUV,18,0,45500,0,,,,,
2021,INFINITI,QX80 Luxe,SUV,14,1,67900,0,,,,,
2002,Dodge,Ram 1500 SRT-10,Pickup,10,1,50000,1,,,,,
2019,Buick,Enclave Avenir,SUV,18,1,58000,0,,,,,
2013,BMW,750 Li xDrive,Sedan,18,1,81800,0,,,,,
1999,Toyota,Camry Solara SLE V6,Coupe,20,1,24000,0,,,,,
2017,Acura,ILX Technology Plus Package,Sedan,25,1,30450,0,,,,,
2015,RAM,1500 Big Horn,Pickup,20,0,39700,0,,,,,
2012,Toyota,Highlander Limited,SUV,20,1,40000,0,,,,,
2020,Ford,Explorer Timberline,SUV,18,1,47000,0,,,,,
2011,Land,Rover Discovery LSE,SUV,12,1,55000,0,,,,,
2016,Jeep,Wrangler Unlimited Sahara,SUV,21,0,41400,0,,,,,
2023,Ford,Bronco Outer Banks,SUV,20,1,43000,0,,,,,
2019,Ford,F-150 Platinum,Pickup,20,1,63700,0,,,,,
2020,INFINITI,QX56 Base,SUV,19,1,65900,0,,,,,
2019,Mercedes-Benz,AMG C 63 Base,Sedan,20,1,68300,1,,,,,
2010,Toyota,Camry Hybrid XLE,Sedan,33,1,30000,0,,,,,
2021,Jeep,Wrangler Unlimited Sahara,SUV,22,1,44300,0,,,,,
2019,Audi,R8 5.2 V10 plus,Convertible,14,1,208000,1,,,,,
2016,Audi,A8 L 3.0T,Sedan,24,0,83000,0,,,,,
2015,Toyota,Highlander Limited Platinum,SUV,20,1,44990,0,,,,,
2018,Porsche,718 Cayman GTS,Coupe,20,1,80000,0,,,,,
2018,Land,Rover Discovery HSE LUXURY,SUV,21,1,61900,0,,,,,
2016,Mercedes-Benz,E-Class E 350,Sedan,21,0,53900,0,,,,,
2023,Mercedes-Benz,AMG E 53 Base 4MATIC,Sedan,21,1,75200,0,,,,,
2019,Mercedes-Benz,AMG GLE AMG GLE 63 S-Model 4MATIC,SUV,18,1,115000,0,,,,,
2008,Land,Rover Range Rover Autobiography,SUV,12,1,102200,1,,,,,
2023,Lexus,LC 500 Base,Coupe,19,1,94300,0,,,,,
2018,Chevrolet,Silverado 2500 High Country,Pickup,15,1,60000,0,,,,,
2012,BMW,335 i,Sedan,20,0,40000,0,,,,,
2022,Porsche,911 GT3 RS,Coupe,15,1,218000,1,,,,,
2010,GMC,Canyon Denali,Pickup,18,1,35000,0,,,,,
2011,Ford,E350 Super Duty XLT,Minivan,12,0,35000,0,,,,,
2018,BMW,M5 Base,Sedan,18,1,102600,0,,,,,
2014,Subaru,BRZ Limited,Coupe,22,1,29000,0,,,,,
2007,Acura,RDX Base,SUV,20,0,32990,0,,,,,
2023,Chevrolet,Corvette Stingray w/2LT,Coupe,20,1,68000,1,,,,,
2002,Ford,Thunderbird Deluxe,Convertible,20,0,37000,1,,,,,
2008,BMW,650 i,Convertible,15,1,85000,0,,,,,
2019,Mercedes-Benz,C-Class C 300 4MATIC,Sedan,24,1,41200,0,,,,,
2005,Acura,MDX Touring,SUV,20,1,42000,0,,,,,
2005,Chrysler,Crossfire Limited,Coupe,20,1,33990,0,,,,,
2021,Lexus,LX 570 Three-Row,SUV,18,0,86000,0,,,,,
2010,MINI,Cooper S Base,Hatchback,34,1,24000,0,,,,,
2017,Tesla,Model S P100D,Sedan,99,1,135000,1,,,,,
2021,Mazda,CX-9 Touring Plus,SUV,22,0,40705,0,,,,,
2016,Mercedes-Benz,E-Class E 350 4MATIC,Sedan,24,1,60000,0,,,,,
2018,Mercedes-Benz,E-Class E 350,Sedan,24,1,60000,0,,,,,
2005,Porsche,Boxster Base,Convertible,21,0,45000,0,,,,,
2020,Mercedes-Benz,AMG GT C,Coupe,18,1,157000,1,,,,,
2020,INFINITI,QX60 Luxe,SUV,27,1,46000,0,,,,,
2022,Jeep,Grand Cherokee Altitude,SUV,22,0,48740,0,,,,,
2008,Mercedes-Benz,SL-Class SL550 Roadster,Convertible,15,1,108000,1,,,,,
2018,Mercedes-Benz,AMG GLE 43 Coupe 4MATIC,Coupe,18,1,68800,0,,,,,
2018,Audi,A4 2.0T Tech Premium,Sedan,27,1,45000,0,,,,,
2014,Mercedes-Benz,C-Class C 300 4MATIC Sport,Sedan,24,1,42000,0,,,,,
2020,Mercedes-Benz,S-Class S 560 4MATIC,Sedan,18,1,100000,0,,,,,
2023,Toyota,RAV4 Prime XSE,SUV,94,1,43500,0,,,,,
2021,Rivian,R1S Adventure Package,SUV,70,1,74900,0,,,,,
2017,Kia,Optima LX,Sedan,29,0,22700,0,,,,,
2009,Nissan,Pathfinder SL,SUV,15,0,29490,0,,,,,
2020,Chevrolet,Suburban Premier,SUV,15,1,71900,0,,,,,
2009,Ford,F-250 XLT Super Duty,Pickup,15,0,32000,0,,,,,
2003,Lamborghini,Gallardo LP560-4,Coupe,15,0,198000,1,,,,,
2017,Lexus,GX 460 Premium,SUV,15,1,53200,0,,,,,
2019,Mercedes-Benz,G-Class G 550 4MATIC,SUV,13,1,130900,1,,,,,
2021,Porsche,Macan Turbo,SUV,18,1,83700,0,,,,,
2021,Lexus,GX 460 Base,SUV,15,0,53000,0,,,,,
2019,Toyota,4Runner Limited,SUV,17,1,46900,0,,,,,
2019,Chevrolet,Corvette Stingray w/3LT,Convertible,19,1,65900,1,,,,,
2021,Land,Rover Range Rover Evoque R-Dynamic HSE,SUV,22,1,47000,0,,,,,
2007,Mercury,Marauder Base,Sedan,18,0,36000,1,,,,,
2020,Jaguar,F-TYPE V6 S,Coupe,18,1,61900,0,,,,,
2020,Tesla,Model S Performance,Sedan,100,1,99990,1,,,,,
2021,RAM,1500 Laramie,Pickup,20,1,45000,0,,,,,
2022,Dodge,Durango GT,SUV,20,0,39990,0,,,,,
2018,Chevrolet,Suburban LTZ,SUV,18,1,74000,0,,,,,
2019,Chevrolet,Colorado LT,Pickup,18,0,33500,0,,,,,
2017,Volvo,C30 T5 Premier Plus,Hatchback,25,1,28400,0,,,,,
2018,Porsche,Cayenne E-Hybrid S Platinum Edition,SUV,22,1,85000,0,,,,,
2012,Acura,ILX Technology Plus Package,Sedan,24,0,29700,0,,,,,
2021,Toyota,Tundra SR5,Pickup,13,0,38220,0,,,,,
2022,Chevrolet,Suburban Z71,SUV,21,1,63500,0,,,,,
2011,Hyundai,Genesis Coupe 3.8 Track,Coupe,19,1,31950,0,,,,,
2015,Honda,240SX Base,Sedan,25,0,25000,0,,,,,
2018,Cadillac,ATS 3.6L Luxury,Sedan,20,1,45000,0,,,,,
2016,Toyota,4Runner Limited,SUV,17,1,43605,0,,,,,
2017,GMC,Sierra 3500 Denali,Pickup,16,1,61740,0,,,,,
2006,Chevrolet,Camaro 1LT,Coupe,20,0,25760,0,,,,,
2021,Rolls-Royce,Cullinan,SUV,12,1,325000,1,,,,,
2002,Jeep,Liberty Sport,SUV,17,0,24000,0,,,,,
1999,Toyota,Land Cruiser Base,SUV,13,0,42900,0,,,,,
2013,Ford,Mustang V6 Premium,Coupe,19,1,26500,0,,,,,
2018,Hyundai,Veloster Base,Hatchback,25,0,18990,0,,,,,
2005,GMC,Sierra 1500 SL Crew Cab,Pickup,16,0,26000,0,,,,,
2021,Mercedes-Benz,GLE 350 Base 4MATIC,SUV,22,0,54900,0,,,,,
1999,Mazda,MX-5 Miata Base,Convertible,26,0,22500,0,,,,,
2018,Land,Rover Range Rover Sport 3.0L Supercharged HSE,SUV,20,1,82000,0,,,,,
2022,Toyota,Tacoma SR,Pickup,20,0,26500,0,,,,,
2016,Lexus,RC 350 Base,Coupe,20,0,42900,0,,,,,
2023,Ford,F-150 Lariat,Pickup,20,1,50000,0,,,,,
2018,Porsche,911 Turbo S,Coupe,18,1,207000,1,,,,,
2014,Acura,MDX 3.7L Advance,SUV,20,1,56000,0,,,,,
2018,Ford,Transit-350 Base,Van,15,0,35000,0,,,,,
2015,Land,Rover Range Rover Evoque Pure,SUV,21,0,41000,0,,,,,
2017,BMW,340 i,Sedan,26,1,42000,0,,,,,
2011,Jaguar,XF Premium,Sedan,19,1,60000,0,,,,,
2015,Kia,Optima Hybrid EX,Sedan,40,0,26300,0,,,,,
2021,Cadillac,Escalade Sport Platinum,SUV,17,1,130000,0,,,,,
2021,Acura,TLX V6 Advance,Sedan,22,1,45900,0,,,,,
2015,Chevrolet,Tahoe LTZ,SUV,16,1,67995,0,,,,,
2019,Audi,Q7 3.0T Prestige,SUV,21,1,73000,0,,,,,
2016,BMW,650 Gran Coupe i xDrive,Sedan,22,1,84000,0,,,,,
2013,BMW,650 Gran Coupe i,Sedan,20,1,85000,0,,,,,
2005,Lexus,ES 330 Base,Sedan,25,0,35000,0,,,,,
2016,Audi,S5 3.0T Premium Plus,Coupe,22,1,60000,0,,,,,
2010,Land,Rover LR3 HSE,SUV,14,1,50745,0,,,,,
2009,Lexus,LS 460 Crafted Line,Sedan,19,1,79900,0,,,,,
2015,Porsche,911 Carrera,Convertible,21,1,89800,1,,,,,
2018,Mercedes-Benz,S-Class S 560 4MATIC,Sedan,19,1,103000,0,,,,,
2018,Lincoln,MKZ Reserve I,Sedan,20,1,42000,0,,,,,
2018,Land,Rover Discovery SE,SUV,21,0,59900,0,,,,,
2014,Mercedes-Benz,CLA-Class CLA 250,Sedan,26,0,32000,0,,,,,
2011,Chevrolet,Avalanche 1500 LS,Pickup,16,0,33995,0,,,,,
2023,Toyota,GR86 Premium,Coupe,22,1,33990,0,,,,,
2007,Mercedes-Benz,GL-Class GL 450 4MATIC,SUV,16,0,60900,0,,,,,
2005,Mercedes-Benz,CLK-Class 500 Cabriolet,Convertible,18,1,65000,0,,,,,
2018,BMW,M3 CS,Sedan,23,1,103000,1,,,,,
2013,RAM,2500 Laramie,Pickup,16,1,50000,0,,,,,
2014,Mercedes-Benz,GL-Class GL 450 4MATIC,SUV,20,1,67800,0,,,,,
2010,Dodge,Durango R/T,SUV,14,1,32995,0,,,,,
2014,Porsche,Panamera Base,Sedan,20,0,80000,0,,,,,
2018,Lexus,GX 460 Base,SUV,15,0,51800,0,,,,,
2015,Porsche,Macan S,SUV,20,1,60000,0,,,,,
2003,Land,Rover LR3 HSE,SUV,14,1,49000,0,,,,,
2019,BMW,750 i xDrive,Sedan,18,1,94000,0,,,,,
2003,Jeep,Wrangler Sahara,SUV,17,0,27950,0,,,,,
2020,Mercedes-Benz,AMG GLE AMG GLE 63 S-Model 4MATIC,SUV,17,1,113950,0,,,,,
2015,Land,Rover LR4 HSE LUX Landmark Edition,SUV,18,1,60800,0,,,,,
2014,RAM,1500 SLT,Pickup,21,0,40745,0,,,,,
2021,Toyota,Highlander Limited,SUV,21,1,40500,0,,,,,
2007,Chevrolet,Equinox LT,SUV,24,0,25000,0,,,,,
2013,Subaru,BRZ Limited,Coupe,22,1,29995,0,,,,,
2014,GMC,Terrain SLT-1,SUV,22,1,29085,0,,,,,
2003,Mitsubishi,Eclipse GS,Coupe,20,0,23000,0,,,,,
2022,Mercedes-Benz,C-Class C300 4MATIC,Sedan,26,1,43600,0,,,,,
2020,Toyota,Sequoia Limited,SUV,13,1,61200,0,,,,,
2006,Porsche,911 Carrera Cabriolet,Convertible,19,1,81100,1,,,,,
2022,GMC,Acadia Denali,SUV,20,1,52000,0,,,,,
2021,Ford,F-250 XLT,Pickup,22,0,45000,0,,,,,
2007,Land,Rover Range Rover Sport HSE,SUV,14,1,57000,0,,,,,
2020,BMW,X5 M50i,SUV,17,1,82500,0,,,,,
2016,Alfa,Romeo Giulia Ti,Sedan,28,0,39900,0,,,,,
2016,Nissan,GT-R Premium,Coupe,16,1,101700,0,,,,,
2018,Kia,Optima EX,Sedan,28,1,29000,0,,,,,
2020,RAM,1500 Laramie,Pickup,20,1,40000,0,,,,,
2011,Mercedes-Benz,E-Class E 350 4MATIC,Sedan,18,0,56500,0,,,,,
2014,Volkswagen,Golf R 4-Door w/DCC & Navigation,Hatchback,26,0,35900,0,,,,,
2010,Lexus,RX 350 Base,SUV,20,0,38500,0,,,,,
2011,Mercedes-Benz,Sprinter 2500,Van,20,0,35000,0,,,,,
2018,Mercedes-Benz,AMG GLE AMG GLE 63 S-Model 4MATIC,SUV,15,1,110000,0,,,,,
2013,McLaren,570S Base,Coupe,24,1,192000,0,,,,,
2010,Subaru,BRZ Limited,Coupe,25,1,29995,0,,,,,
2016,Ford,Mustang V6,Coupe,22,0,25950,0,,,,,
2010,Lexus,IS 250C Base,Convertible,20,0,39000,0,,,,,
2020,Hyundai,Palisade SEL,SUV,21,0,39500,0,,,,,
2018,Chevrolet,Camaro 2SS,Coupe,20,1,42000,0,,,,,
2019,Toyota,GR86 Base,Coupe,24,0,28500,0,,,,,
2009,Jaguar,XK8 Base,Convertible,18,0,81000,0,,,,,
2017,BMW,M3 Base,Sedan,17,1,65000,1,,,,,
2017,Ford,E150 XLT,Minivan,15,0,30000,0,,,,,
2018,Land,Rover Defender S,SUV,15,0,45000,1,,,,,
2023,BMW,M4 Base,Coupe,16,1,72000,0,,,,,
2016,Mercedes-Benz,S-Class S 560 4MATIC,Sedan,20,1,100000,0,,,,,
2018,Ford,Transit-350 XLT,Minivan,15,0,35000,0,,,,,
2004,Chevrolet,Corvette Base,Coupe,18,1,49995,1,,,,,
2011,Mercedes-Benz,CLK-Class 550,Coupe,16,0,65000,0,,,,,
2012,Ford,Fusion SE,Sedan,24,0,25000,0,,,,,
2018,Maserati,Ghibli S Q4,Sedan,15,1,80000,0,,,,,
2014,Audi,A4 2.0T Premium Plus,Sedan,24,1,43000,0,,,,,
2017,Ford,Mustang V6,Coupe,18,0,25000,0,,,,,
2014,INFINITI,Q70 3.7,Sedan,20,0,51500,0,,,,,
2017,Volkswagen,Golf Auto TSI S,Hatchback,36,0,20000,0,,,,,
2002,Chevrolet,Camaro Z28,Coupe,18,1,23000,0,,,,,
2019,Jeep,Wrangler Unlimited Sahara,SUV,21,1,44845,0,,,,,
2015,Lincoln,MKC Reserve,SUV,21,1,40000,0,,,,,
2022,Rivian,R1S Launch Edition,SUV,75,1,74900,0,,,,,
2022,Tesla,Model X Long Range,SUV,100,1,94990,0,,,,,
2018,Mercedes-Benz,AMG E 63 S 4MATIC,Sedan,24,1,107000,1,,,,,
2020,Mercedes-Benz,AMG GT 53 Base,Sedan,20,1,99500,0,,,,,
2018,Lexus,RX 350 F Sport Performance,SUV,20,1,47000,0,,,,,
2013,BMW,535 i xDrive,Sedan,24,1,61000,0,,,,,
2014,Toyota,C-HR LE,SUV,25,0,24000,0,,,,,
2019,Chevrolet,Tahoe Premier,SUV,18,1,68000,0,,,,,
2001,Ford,Excursion Limited,SUV,12,1,52995,0,,,,,
2017,Lexus,LS 460 Crafted Line,Sedan,19,1,75000,0,,,,,
2016,RAM,2500 Big Horn,Pickup,16,0,44000,0,,,,,
2014,Porsche,Panamera Turbo,Sedan,18,1,149600,1,,,,,
2022,Chevrolet,Camaro Z28,Coupe,22,1,40000,1,,,,,
2002,Lexus,RX 300 Base,SUV,19,0,35000,0,,,,,
2020,Nissan,Maxima SL,Sedan,20,1,42000,0,,,,,
2022,RAM,2500 Big Horn,Pickup,15,0,45000,0,,,,,
2018,Chevrolet,Corvette Grand Sport,Coupe,21,1,65700,1,,,,,
2023,Kia,Telluride LX,SUV,20,0,35000,0,,,,,
2017,Subaru,WRX Limited,Sedan,20,1,36000,0,,,,,
2015,Audi,A7 3.0T Premium Plus,Sedan,28,1,69400,0,,,,,
2017,Ford,F-350 XLT,Pickup,18,0,35000,0,,,,,
2019,Genesis,G90 3.3T Premium,Sedan,19,1,75000,0,,,,,
2003,Porsche,911 Carrera C2S,Coupe,19,1,78900,1,,,,,
2020,Toyota,Highlander Platinum,SUV,21,1,49000,0,,,,,
2022,Audi,RS 7 4.0T Prestige,Sedan,18,1,114000,0,,,,,
2004,Mercedes-Benz,SL-Class SL500 Roadster,Convertible,20,1,102000,1,,,,,
2004,Mercedes-Benz,Sprinter 2500,Van,20,0,30000,0,,,,,
2008,Mercedes-Benz,E-Class E 350,Sedan,20,0,53300,0,,,,,
2023,Porsche,911 GT3 RS,Coupe,16,1,223800,1,,,,,
2021,Chevrolet,Suburban LT,SUV,20,1,60000,0,,,,,
2008,Toyota,Corolla CE,Sedan,28,0,18000,0,,,,,
2012,Nissan,Frontier SV,Pickup,16,0,25640,0,,,,,
2022,Lexus,GX 460 Premium,SUV,19,1,53000,0,,,,,
2020,Chevrolet,Silverado 1500 RST,Pickup,20,0,53400,0,,,,,
2014,Mercedes-Benz,E-Class E 550,Sedan,24,1,70000,0,,,,,
2015,BMW,M6 Base,Coupe,15,1,113000,1,,,,,
2021,Mercedes-Benz,AMG C 63 Base,Sedan,19,1,70000,0,,,,,
2006,Cadillac,DTS Luxury II,Sedan,20,0,45000,0,,,,,
2012,Lexus,LS 460 L,Sedan,19,0,73800,0,,,,,
2011,Jeep,Wrangler Unlimited Rubicon,SUV,16,1,32000,0,,,,,
2011,Hyundai,Tucson SE,SUV,26,0,24900,0,,,,,
2009,Ford,Mustang Premium,Coupe,18,1,30000,0,,,,,
2013,Mercedes-Benz,E-Class E 350,Sedan,20,1,51600,0,,,,,
2003,Toyota,Avalon Limited,Sedan,20,1,32900,0,,,,,
2022,Jeep,Gladiator Sport,Pickup,22,0,43000,0,,,,,
2014,Mazda,MX-5 Miata Grand Touring,Convertible,27,1,29900,0,,,,,
2015,BMW,M4 Base,Coupe,20,1,65000,1,,,,,
2013,BMW,328 i xDrive,Sedan,28,0,40800,0,,,,,
2020,Mercedes-Benz,M8 Base,Sedan,20,1,130000,0,,,,,
2018,Land,Rover Range Rover Evoque SE,SUV,24,0,41800,0,,,,,
2006,Nissan,350Z Enthusiast,Coupe,20,0,29200,0,,,,,
2017,Land,Rover Discovery HSE LUXURY,SUV,18,1,59995,0,,,,,
2019,BMW,M4 Base,Coupe,20,1,70900,1,,,,,
2019,Audi,A6 2.0T Premium Plus,Sedan,25,1,59800,0,,,,,
2004,Toyota,Camry Solara SE,Coupe,22,0,24200,0,,,,,
2019,Chevrolet,Camaro 1LT,Coupe,26,0,25300,0,,,,,
2016,Mazda,CX-9 Touring Plus,SUV,22,1,36000,0,,,,,
2021,Mercedes-Benz,AMG GT C,Coupe,15,1,165000,1,,,,,
2017,BMW,328 i,Sedan,28,0,34000,0,,,,,
2011,INFINITI,G37 Journey,Sedan,21,0,38000,0,,,,,
2008,Nissan,Maxima GLE,Sedan,20,0,29000,0,,,,,
2005,Mercedes-Benz,S-Class S500,Sedan,18,1,77875,0,,,,,
2017,Lexus,IS 350 Base,Sedan,25,0,40000,0,,,,,
2017,Mitsubishi,Outlander Sport ES,SUV,24,0,20500,0,,,,,
2018,Jeep,Wrangler Sport,SUV,17,0,28445,0,,,,,
2021,Jeep,Grand Cherokee Laredo,SUV,19,0,35000,0,,,,,
2018,Lincoln,MKX Reserve,SUV,21,1,60000,0,,,,,
2011,Ford,Focus SE,Sedan,28,0,19000,0,,,,,
2016,Acura,ILX Technology Plus Package,Sedan,25,1,30000,0,,,,,
2022,Ford,F-150 Lightning LARIAT,Pickup,70,1,59999,0,,,,,
2011,Dodge,Ram 1500 ST,Pickup,15,0,22995,0,,,,,
2003,Acura,Integra LS,Sedan,28,0,19800,0,,,,,
2021,RAM,2500 Tradesman,Pickup,15,0,35000,0,,,,,
2014,INFINITI,G37 Journey,Sedan,20,0,41650,0,,,,,
2022,Audi,S6 4.0T,Sedan,20,1,75000,0,,,,,
2003,Porsche,Boxster S,Convertible,20,1,60000,0,,,,,
2007,Nissan,Murano SL,SUV,20,0,32500,0,,,,,
2022,Mercedes-Benz,AMG C 43 Base 4MATIC,Coupe,23,1,60000,0,,,,,
2007,Chevrolet,Suburban 1500 LTZ,SUV,15,1,55000,0,,,,,
2018,Chevrolet,Silverado 1500 1LT,Pickup,18,0,32700,0,,,,,
2019,Ford,Explorer XLT,SUV,20,0,34490,0,,,,,
2019,Audi,Q7 55 Prestige,SUV,21,1,72600,0,,,,,
2015,Maserati,Ghibli S Q4,Sedan,15,1,77000,0,,,,,
2020,Mazda,CX-30 Premium Package,SUV,25,1,29000,0,,,,,
2002,Jeep,Wrangler Sport,SUV,18,0,23500,0,,,,,
2011,INFINITI,QX60 Base,SUV,20,0,45000,0,,,,,
2014,Ford,Fusion SE,Sedan,22,0,22000,0,,,,,
2009,Lexus,ES 350 Base,Sedan,19,0,34250,0,,,,,
2011,Mazda,MazdaSpeed3 Grand Touring,Hatchback,20,1,28700,0,,,,,
2022,Audi,Q3 S line Premium Plus,SUV,22,1,38400,0,,,,,
2011,Rolls-Royce,Ghost Base,Sedan,12,0,245000,1,,,,,
2011,Subaru,Legacy 2.5 i Premium,Sedan,20,0,23995,0,,,,,
2018,Audi,Q7 3.0T Prestige,SUV,21,1,70000,0,,,,,
2017,Dodge,Charger R/T 392,Sedan,18,1,42000,0,,,,,
1997,Porsche,Boxster Base,Convertible,20,0,40000,1,,,,,
2024,Mercedes-Benz,AMG GT 53 Base,Coupe,20,1,104900,0,,,,,
2022,Chevrolet,Silverado 1500 1LZ,Pickup,22,1,55000,0,,,,,
2020,Mercedes-Benz,AMG G 63 4MATIC,SUV,13,1,157000,1,,,,,
2011,BMW,335 i xDrive,Sedan,19,1,42000,0,,,,,
2016,Audi,Q3 2.0T Premium Plus,SUV,20,1,35000,0,,,,,
2019,Ford,Expedition Max King Ranch,SUV,21,1,74000,0,,,,,
2011,Cadillac,CTS Luxury,Sedan,18,0,41000,0,,,,,
2023,Porsche,911 Carrera,Coupe,20,1,103000,1,,,,,
2003,Porsche,911 Carrera 4S,Coupe,18,1,86900,1,,,,,
2019,BMW,330 i xDrive,Sedan,30,1,42500,0,,,,,
2003,Jeep,Cherokee Sport,SUV,16,0,24000,0,,,,,
2007,Ford,F-250 XLT SuperCab Super Duty,Pickup,17,0,30300,0,,,,,
2012,Toyota,Corolla CE,Sedan,26,0,18000,0,,,,,
2011,Lexus,IS 350 Base,Sedan,20,0,35150,0,,,,,
2015,BMW,428 i xDrive SULEV,Coupe,28,0,43900,0,,,,,
2012,Chevrolet,Suburban 1500 LTZ,SUV,15,1,62650,0,,,,,
2014,Ford,Mustang GT Premium,Coupe,15,1,30400,0,,,,,
2013,Hyundai,Sonata SE,Sedan,29,0,22500,0,,,,,
2015,Lexus,RC 350 Base,Coupe,20,0,41900,0,,,,,
2015,Mercedes-Benz,E-Class E 350 4MATIC,Sedan,20,0,58900,0,,,,,
2015,BMW,650 Gran Coupe i xDrive,Sedan,18,1,84000,0,,,,,
2016,Volkswagen,Jetta 1.4T SE,Sedan,30,0,21600,0,,,,,
2019,Lexus,GX 460 Premium,SUV,19,1,52900,0,,,,,
2022,Dodge,Challenger SRT Hellcat,Coupe,15,1,62500,1,,,,,
2021,BMW,X3 xDrive30i,SUV,25,1,42600,0,,,,,
2019,Toyota,Highlander XLE,SUV,21,1,40115,0,,,,,
2018,Porsche,911 Turbo,Coupe,18,1,150000,1,,,,,
2011,Land,Rover LR4 Lux,SUV,12,1,51100,0,,,,,
2022,Mercedes-Benz,GLC 300 GLC 300,SUV,24,0,43000,0,,,,,
2017,Jaguar,F-TYPE R,Coupe,18,1,102600,0,,,,,
2012,Audi,A5 2.0T Premium,Coupe,27,1,39400,0,,,,,
2018,Jeep,Wrangler 80th Anniversary,SUV,21,0,38345,0,,,,,
2011,Lexus,LS 460 L,Sedan,16,1,80000,0,,,,,
2022,Mercedes-Benz,GLS 450 Base 4MATIC,SUV,20,1,80000,0,,,,,
2011,Nissan,Versa 1.8 S,Sedan,26,0,14500,0,,,,,
2017,GMC,Canyon Denali,Pickup,20,1,40000,0,,,,,
2019,Land,Rover Range Rover 3.0L V6 Supercharged HSE,SUV,18,1,91900,0,,,,,
2007,Chevrolet,Avalanche 1500 LT,Pickup,14,1,34000,0,,,,,
2018,Tesla,Model 3 Long Range,Sedan,133,1,54900,0,,,,,
2021,Chevrolet,Corvette Stingray w/3LT,Coupe,19,1,59900,1,,,,,
2011,Lexus,GX 460 Premium,SUV,18,1,60000,0,,,,,
2018,Lexus,IS 300 Base,Sedan,22,0,38450,0,,,,,
2019,Ford,Mustang Mach-E Premium,SUV,0,1,60000,0,,,,,
2013,Nissan,Juke SV,SUV,28,0,22000,0,,,,,
2018,Mercedes-Benz,AMG GT R,Coupe,15,1,162900,1,,,,,
2020,BMW,M4 Base,Coupe,20,1,70800,0,,,,,
2011,GMC,Acadia SLT-1,SUV,16,0,38500,0,,,,,
2021,Ford,Bronco Wildtrak Advanced,SUV,18,1,48000,1,,,,,
2016,Bentley,Continental GT V8 S,Coupe,18,1,232600,0,,,,,
2017,Porsche,911 Carrera GTS,Coupe,18,1,136000,1,,,,,
2012,Jeep,Wrangler Sahara,SUV,17,0,30995,0,,,,,
2021,Chevrolet,Corvette Z06,Convertible,15,1,85000,1,,,,,
2022,Mercedes-Benz,A-Class A 220 4MATIC,Sedan,29,0,33600,0,,,,,
2006,Porsche,Cayenne Base,SUV,20,0,43000,0,,,,,
2019,Lexus,RX 350 Base,SUV,20,0,43350,0,,,,,
2023,Land,Rover Range Rover Evoque R-Dynamic HSE,SUV,24,1,59000,0,,,,,
2017,Tesla,Model X 75D,SUV,90,1,85000,0,,,,,
2000,Mercedes-Benz,E-Class E500,Sedan,18,1,66525,0,,,,,
2015,Cadillac,Escalade ESV Platinum,SUV,15,1,85000,0,,,,,
2020,Mercedes-Benz,A-Class A 220 4MATIC,Sedan,24,0,35000,0,,,,,
2018,Lincoln,MKC Select,SUV,24,1,38000,0,,,,,
2018,Porsche,Taycan 4S,Sedan,96,1,103800,0,,,,,
2018,Subaru,WRX Premium,Sedan,20,1,30000,0,,,,,
2004,Jeep,Wrangler X,SUV,18,0,20800,0,,,,,
2011,Jeep,Grand Cherokee Limited,SUV,18,1,43000,0,,,,,
2012,Chevrolet,Tahoe LTZ,SUV,18,1,57755,0,,,,,
2018,Mercedes-Benz,AMG C 43 Base 4MATIC,Sedan,20,0,55350,0,,,,,
2015,Mazda,Mazda3 i SV,Sedan,30,0,18500,0,,,,,
2016,Mercedes-Benz,M-Class ML 350,SUV,21,0,52900,0,,,,,
2022,Tesla,Model Y Long Range,SUV,115,1,54990,0,,,,,
2017,Mercedes-Benz,AMG GLE 53 AMG GLE 53,SUV,18,1,67400,0,,,,,
2009,Ford,Mustang GT Premium,Coupe,15,1,30000,0,,,,,
2010,Dodge,Challenger SRT8 392,Coupe,14,1,46000,0,,,,,
2023,GMC,Sierra 1500 Denali Ultimate,Pickup,20,1,80000,0,,,,,
2014,Honda,Accord Crosstour EX-L,SUV,20,1,30000,0,,,,,
2020,Dodge,Challenger R/T Scat Pack,Coupe,15,1,39995,0,,,,,
2018,Land,Rover Range Rover Sport SVR Carbon Edition,SUV,14,1,114600,1,,,,,
2021,Audi,R8 5.2 V10,Coupe,14,1,208000,1,,,,,
2018,Chevrolet,Suburban Premier,SUV,22,1,75800,0,,,,,
2017,Land,Rover Range Rover Sport 3.0L Supercharged HSE,SUV,22,1,70600,0,,,,,
2014,Audi,A3 2.0T Premium,Sedan,24,1,31900,0,,,,,
2018,Mercedes-Benz,E-Class E 300 4MATIC,Sedan,24,1,52500,0,,,,,
2023,Ford,F-150 XLT,Pickup,20,0,41000,0,,,,,
2021,Ford,Expedition Platinum,SUV,17,1,79910,0,,,,,
2001,Toyota,Land Cruiser Base,SUV,13,0,40800,0,,,,,
2020,Land,Rover Range Rover 3.0L Supercharged HSE,SUV,24,1,100000,0,,,,,
2021,Mercedes-Benz,S-Class S 560 4MATIC,Sedan,18,1,109800,0,,,,,
2001,BMW,750 iL,Sedan,18,1,80000,0,,,,,
2019,INFINITI,QX80 Base,SUV,14,1,64900,0,,,,,
2018,Mercedes-Benz,AMG GLE 63 S Coupe 4MATIC,Coupe,17,1,111200,1,,,,,
2021,Maserati,Quattroporte Modena Q4,Sedan,20,1,115000,0,,,,,
2011,Mercedes-Benz,S-Class S 63 AMG,Sedan,15,1,137800,0,,,,,
2019,Acura,TLX Type S w/Performance Tire,Sedan,20,1,45750,0,,,,,
2015,BMW,M550 i xDrive,Sedan,22,1,71000,0,,,,,
2020,Dodge,Durango GT,SUV,20,0,39600,0,,,,,
2023,Rolls-Royce,Cullinan,SUV,12,1,335000,1,,,,,
2011,Ford,Mustang GT Premium,Coupe,25,1,30000,0,,,,,
2020,Kia,Telluride S,SUV,20,1,40000,0,,,,,
2018,Ford,Bronco Outer Banks Advanced,SUV,20,1,45000,0,,,,,
2019,Porsche,Macan Base,SUV,25,0,52000,0,,,,,
2011,BMW,ALPINA B7 ALPINA B7 xDrive,Sedan,18,1,120000,1,,,,,
2006,Lexus,RX 330 Base,SUV,20,0,38000,0,,,,,
2017,Ford,Mustang GT Premium,Coupe,15,1,42785,0,,,,,
2012,GMC,Terrain SLT-1,SUV,20,0,31075,0,,,,,
2018,Ford,Navigator Reserve,SUV,20,1,74100,0,,,,,
2022,Audi,A8 L 55,Sedan,23,1,86900,0,,,,,
2020,BMW,540 i xDrive,Sedan,26,1,75000,0,,,,,
2015,BMW,X1 sDrive28i,SUV,24,0,35000,0,,,,,
2012,Honda,Civic Si,Sedan,28,0,23800,0,,,,,
2017,Acura,ILX Premium Package,Sedan,25,1,29900,0,,,,,
2022,Chevrolet,Camaro 2SS,Coupe,16,1,42995,0,,,,,
2011,Mercedes-Benz,SL-Class SL63 AMG Roadster,Convertible,16,1,148700,0,,,,,
2022,Nissan,Altima 2.5 SV,Sedan,28,0,28000,0,,,,,
2021,Hyundai,Santa Fe SEL,SUV,25,0,30500,0,,,,,
2019,Land,Rover Discovery Sport S R-Dynamic,SUV,25,1,42000,0,,,,,
2021,Chevrolet,Colorado ZR2,Pickup,18,1,46200,0,,,,,
2001,BMW,M3 Base,Coupe,20,1,45000,1,,,,,
2020,Audi,Q7 55 Prestige,SUV,20,1,75000,0,,,,,
2017,Porsche,Panamera Turbo,Sedan,22,1,149000,0,,,,,
2021,BMW,M760 i xDrive,Sedan,16,1,155000,0,,,,,
2022,Chevrolet,Corvette Stingray w/3LT,Coupe,16,1,74900,1,,,,,
2014,Audi,S5 3.0T Premium,Coupe,18,1,59000,0,,,,,
2016,Mercedes-Benz,SL-Class SL 550,Convertible,22,1,109800,0,,,,,
2014,Buick,Enclave Leather,SUV,18,0,40000,0,,,,,
2011,Ford,F-250 Lariat,Pickup,12,1,35000,0,,,,,
2020,Audi,S6 4.0T Premium Plus,Sedan,18,1,80000,0,,,,,
2011,Honda,Odyssey EX-L,Minivan,18,0,37995,0,,,,,
2020,Ford,Shelby GT500 Base,Coupe,12,1,70000,1,,,,,
1999,Lexus,RX 300 4WD,SUV,20,0,35000,0,,,,,
2020,Jeep,Gladiator Overland,Pickup,20,1,43000,0,,,,,
2012,Chevrolet,Suburban 1500 LT,SUV,18,0,46740,0,,,,,
2021,Kia,Sportage Nightfall,SUV,23,0,29000,0,,,,,
2020,Ford,Expedition Max Limited,SUV,18,1,75300,0,,,,,
2018,Toyota,Sequoia Limited,SUV,13,0,62940,0,,,,,
2008,Volkswagen,Beetle 2.0T S,Coupe,22,0,19699,0,,,,,
2023,Tesla,Model X Long Range,SUV,100,1,99990,0,,,,,
2015,Land,Rover Discovery Sport HSE,SUV,20,1,38000,0,,,,,
2010,Ford,Transit-350 XLT,Minivan,15,0,35000,0,,,,,
2020,Land,Rover Range Rover Supercharged LWB,SUV,18,1,215000,0,,,,,
2021,Tesla,Model S Performance,Sedan,102,1,119990,0,,,,,
2001,Ford,Excursion XLT 4WD,SUV,12,0,49700,0,,,,,
2016,Ford,Mustang GT Premium,Coupe,15,1,42000,0,,,,,
2003,Honda,Pilot EX,SUV,18,0,29000,0,,,,,
2015,Nissan,Frontier SV,Pickup,19,0,29000,0,,,,,
2021,Chevrolet,Corvette Stingray w/1LT,Coupe,19,0,59995,0,,,,,
2008,BMW,M5 Base,Sedan,15,1,90000,0,,,,,
2007,Hummer,H3 Base,SUV,18,0,29000,0,,,,,
2009,Dodge,Ram 1500 SRT-10 Quad Cab,Pickup,12,1,45000,1,,,,,
2006,Chrysler,300 Touring,Sedan,20,0,28000,0,,,,,
2020,Mercedes-Benz,AMG GLE 53 AMG GLE 53,SUV,22,1,74900,0,,,,,
2023,BMW,X3 xDrive30i,SUV,25,1,46000,0,,,,,
2019,Land,Rover Range Rover Sport HSE Dynamic,SUV,22,1,83500,0,,,,,
2016,BMW,428 i xDrive SULEV,Coupe,28,1,40000,0,,,,,
2013,Audi,S4 3.0T Premium Plus,Sedan,20,1,49400,0,,,,,
2015,Toyota,4Runner Limited,SUV,20,1,43000,0,,,,,
2014,Land,Rover Range Rover Sport HSE,SUV,19,1,62950,0,,,,,
2008,Chevrolet,Camaro 2SS,Coupe,16,1,32000,1,,,,,
2014,Chevrolet,Cruze LTZ,Sedan,24,1,21000,0,,,,,
2022,INFINITI,QX80 SENSORY,SUV,17,1,84900,0,,,,,
2020,BMW,M8 Competition,Coupe,15,1,130000,0,,,,,
2021,Cadillac,Escalade ESV Sport,SUV,16,1,86500,0,,,,,
2005,Lincoln,Town Car Signature,Sedan,18,0,48760,0,,,,,
2015,BMW,X5 xDrive35i,SUV,21,1,57500,0,,,,,
2014,BMW,Z4 sDrive28i,Convertible,24,0,50000,0,,,,,
2016,Audi,S6 4.0T,Sedan,24,0,74600,0,,,,,
2018,Tesla,Model S P100D,Sedan,102,1,140000,1,,,,,
2018,Mercedes-Benz,C-Class C 300 4MATIC,Sedan,25,1,41000,0,,,,,
2022,Jeep,Grand Cherokee L Overland,SUV,21,1,59240,0,,,,,
2001,Mazda,CX-9 Signature,SUV,18,0,25000,0,,,,,
2002,Mercedes-Benz,SL-Class SL500 Roadster,Convertible,15,1,86800,1,,,,,
2015,Porsche,911 Carrera S,Coupe,21,1,110000,1,,,,,
2009,Porsche,911 Carrera 4S Cabriolet,Convertible,20,1,104000,1,,,,,
2011,Lexus,ES 350 Base,Sedan,20,0,36150,0,,,,,
2005,Chrysler,200 C,Sedan,20,0,20000,0,,,,,
2022,Chevrolet,Silverado 1500 Limited High Country,Pickup,20,1,56000,0,,,,,
2021,Audi,Q5 2.0T Premium Plus,SUV,25,1,49000,0,,,,,
2022,Chevrolet,Camaro 1SS,Coupe,16,0,42200,0,,,,,
2022,Maserati,Levante Modena,SUV,18,1,86700,1,,,,,
2010,INFINITI,G37 x,Sedan,19,0,40450,0,,,,,
2018,Toyota,Highlander XLE,SUV,21,1,40000,0,,,,,
2022,Jeep,Wrangler Sahara,SUV,22,1,47000,0,,,,,
2015,Ford,F-150 Lariat,Pickup,18,1,45000,0,,,,,
2016,Cadillac,ATS 2.5L Luxury,Sedan,26,0,37200,0,,,,,
2019,Mercedes-Benz,AMG GLE 43 Coupe 4MATIC,Coupe,19,1,82500,0,,,,,
2022,Ford,Bronco Outer Banks Advanced,SUV,20,1,47500,0,,,,,
2018,Lincoln,AMG C 43 Base 4MATIC,Sedan,0,0,0,0,,,,,
2016,Mercedes-Benz,Sprinter 3500 High Roof,Minivan,18,0,40000,0,,,,,
2018,Ford,Explorer XLT,SUV,24,0,34000,0,,,,,
2019,Cadillac,CTS 2.0L Turbo Luxury,Sedan,27,0,46490,0,,,,,
2021,Mercedes-Benz,C-Class C 300 4MATIC,Sedan,27,1,43200,0,,,,,
2017,Mercedes-Benz,GLC 300 Base 4MATIC,SUV,24,0,40600,0,,,,,
2013,BMW,M5 Base,Sedan,15,1,95300,1,,,,,
2015,Cadillac,ATS 2.5L Luxury,Sedan,26,0,34800,0,,,,,
2006,Dodge,Dakota SLT Quad Cab,Pickup,15,0,29000,0,,,,,
2019,RAM,2500 Big Horn,Pickup,15,0,50000,0,,,,,
2014,Porsche,Cayenne S,SUV,18,0,82300,0,,,,,
2022,Nissan,Murano SV,SUV,20,0,38000,0,,,,,
2020,Audi,Q5 S line Premium Plus,SUV,24,1,57000,0,,,,,
2017,Acura,TL Technology,Sedan,24,1,45000,0,,,,,
2019,Toyota,4Runner Venture,SUV,17,0,44000,0,,,,,
2015,Hyundai,Sonata GLS,Sedan,27,0,23000,0,,,,,
2020,Toyota,Highlander Limited,SUV,20,1,40000,0,,,,,
2019,Aston,Martin DBS Superleggera,Coupe,15,1,316300,1,,,,,
2022,Tesla,Model Y Performance,SUV,108,1,61990,0,,,,,
2023,Kia,Telluride S,SUV,20,0,43800,0,,,,,
2016,Ford,Explorer sport,SUV,20,1,40820,0,,,,,
2022,Audi,Q5 S line Premium Plus,SUV,24,1,55000,0,,,,,
2018,Dodge,Challenger R/T Scat Pack,Coupe,15,1,39000,0,,,,,
2023,Ford,Bronco Wildtrak Advanced,SUV,18,1,54000,0,,,,,
2019,Mercedes-Benz,AMG GLE 43 4MATIC Coupe,Coupe,18,1,70000,0,,,,,
2022,Porsche,911 Carrera 4S,Coupe,22,1,123000,0,,,,,
2018,Audi,Q7 55 Prestige,SUV,19,1,72000,0,,,,,
2015,BMW,M235 i,Coupe,22,1,43000,0,,,,,
2015,FIAT,500 Sport,Hatchback,34,0,19500,0,,,,,
2022,Mercedes-Benz,C-Class C 300 4MATIC,Sedan,25,0,43100,0,,,,,
2022,Genesis,GV80 2.5T,SUV,24,1,48900,0,,,,,
2023,Land,Rover Range Rover P400 SE SWB,SUV,18,1,104000,0,,,,,
2022,Mercedes-Benz,Metris Base,Minivan,20,0,33900,0,,,,,
2020,BMW,M4 Competition,Coupe,18,1,73800,1,,,,,
2011,Chrysler,300 Base,Sedan,18,0,35000,0,,,,,
2004,RAM,Dakota Sport,Pickup,15,0,19600,0,,,,,
2016,Toyota,Highlander XLE,SUV,20,1,41000,0,,,,,
2023,BMW,M2 Competition,Coupe,20,1,62000,0,,,,,
2023,Land,Rover Range Rover P530 SE LWB 7 Seat,SUV,18,1,115000,0,,,,,
2017,Porsche,Cayenne Turbo S,SUV,14,1,165600,1,,,,,
2020,Subaru,Outback Limited XT,SUV,26,1,35895,0,,,,,
2016,Buick,Optima LX,Sedan,25,0,24000,0,,,,,
2016,Ford,F-150 XLT,Pickup,20,0,30000,0,,,,,
2007,Ford,Thunderbird Deluxe,Convertible,20,1,40995,1,,,,,
2004,BMW,325 i,Sedan,24,0,25000,0,,,,,
2018,Kia,Stinger GT2,Sedan,22,1,52500,0,,,,,
2015,Audi,A6 3.0T Prestige,Sedan,20,1,60000,0,,,,,
2002,BMW,M3 Base,Coupe,20,1,50000,1,,,,,
2010,Chevrolet,Tahoe LT,SUV,15,1,42000,0,,,,,
2020,Alfa,Romeo Stelvio Ti,SUV,24,0,45490,0,,,,,
2020,Toyota,Compass Limited,SUV,25,0,33000,0,,,,,
2013,Chevrolet,Tahoe LTZ,SUV,20,1,60850,0,,,,,
2015,Tesla,Model S P100D,Sedan,0,1,134500,0,,,,,
2021,Lexus,LC 500 Base,Coupe,17,0,92600,0,,,,,
2007,Jeep,Wrangler SE,SUV,15,0,25000,0,,,,,
2018,Mercedes-Benz,Sprinter Normal Roof,Minivan,20,0,35000,0,,,,,
2011,Honda,Pilot EX-L,SUV,18,0,33930,0,,,,,
2019,Ford,Expedition Platinum,SUV,17,1,77780,0,,,,,
2021,Ford,Expedition Max King Ranch,SUV,17,1,74995,0,,,,,
2021,Audi,Huracan LP580-2S,Coupe,15,1,208000,0,,,,,
2022,Jeep,Wrangler SE,SUV,20,0,35000,0,,,,,
2019,Mercedes-Benz,AMG GT 63 S 4-Door,Sedan,15,1,162900,0,,,,,
2011,Toyota,FJ Cruiser Base,SUV,17,0,29000,0,,,,,
2017,Jaguar,F-TYPE S British Design Edition,Coupe,20,1,90600,0,,,,,
2019,Chevrolet,Suburban Premier,SUV,15,1,74900,0,,,,,
2018,Ford,Expedition Platinum,SUV,22,1,75000,0,,,,,
2015,Acura,ILX Technology Plus Package,Sedan,25,1,29200,0,,,,,
2022,Lexus,RX 450h F Sport Handling,SUV,30,1,56240,0,,,,,
2023,Rivian,R1S Adventure Package,SUV,74,1,74900,0,,,,,
2021,Honda,Pilot EX-L,SUV,20,0,39000,0,,,,,
2020,Land,Rover Range Rover Sport HSE,SUV,20,1,70000,0,,,,,
2019,BMW,ALPINA B7 ALPINA B7 xDrive,Sedan,23,1,141700,1,,,,,
2008,Dodge,Charger SRT8,Sedan,14,1,39690,1,,,,,
2018,Mercedes-Benz,Metris Base,Minivan,21,0,31990,0,,,,,
2019,Audi,RS 7 4.0T Performance Prestige,Coupe,22,1,115000,1,,,,,
2005,BMW,Z4 2.5i Roadster,Convertible,22,0,31900,0,,,,,
2012,Mazda,Mazda6 i Touring,Sedan,28,0,24000,0,,,,,
2011,Mercedes-Benz,C-Class C55 AMG Sport,Sedan,18,1,65000,0,,,,,
2016,Lincoln,MKZ Reserve,Sedan,22,1,42000,0,,,,,
2015,Chevrolet,Silverado 1500 2LT,Pickup,18,0,34400,0,,,,,
2013,Chevrolet,Silverado 1500 2LT,Pickup,18,0,32000,0,,,,,
2019,Mercedes-Benz,S-Class S 560 4MATIC,Sedan,21,1,100000,0,,,,,
2022,Ford,F-150 Platinum,Pickup,20,1,70000,0,,,,,
2023,Acura,TLX Tech,Sedan,22,0,42900,0,,,,,
2007,Jeep,Liberty Sport,SUV,18,0,23345,0,,,,,
2010,MINI,Cooper Base,Hatchback,28,0,19800,0,,,,,
2007,Ford,Mustang Premium,Coupe,18,1,29000,0,,,,,
2010,Ford,Mustang Shelby GT500,Coupe,15,1,49000,1,,,,,
2020,Porsche,Taycan 4S,Sedan,80,1,104000,0,,,,,
2020,Audi,A7 Premium Plus,Sedan,22,1,87000,0,,,,,
2018,Mercedes-Benz,G-Class G 550 4MATIC,SUV,13,1,124900,1,,,,,
2001,Chevrolet,Camaro Base,Coupe,19,0,23000,0,,,,,
1993,Porsche,Boxster S,Convertible,20,0,40000,1,,,,,
2012,Jeep,Wrangler Unlimited Freedom Edition,SUV,16,1,29000,0,,,,,
2012,Audi,S5 4.2 Premium Plus,Coupe,18,1,58300,0,,,,,
2022,Kia,K5 GT-Line,Sedan,29,0,28690,0,,,,,
2020,Mercedes-Benz,AMG G 63 Base,SUV,13,1,157000,1,,,,,
2020,Jaguar,F-PACE S,SUV,22,1,68900,0,,,,,
2020,Kia,Forte GT-Line,Sedan,30,0,24000,0,,,,,
2012,BMW,328 i xDrive,Sedan,30,0,36000,0,,,,,
2019,Ford,F-250 XLT,Pickup,18,0,40000,0,,,,,
2004,Ford,F-250 XLT Crew Cab Super Duty,Pickup,12,0,26850,0,,,,,
2021,Kia,K5 EX,Sedan,29,0,27190,0,,,,,
2019,GMC,Acadia Denali,SUV,22,1,52700,0,,,,,
2023,INFINITI,QX80 SENSORY,SUV,17,1,83850,0,,,,,
2007,Toyota,Camry Solara SLE,Convertible,21,1,30000,0,,,,,
2021,Jeep,Gladiator Overland,Pickup,22,1,41790,0,,,,,
2018,Jaguar,XF 25t Premium,Sedan,24,1,61900,0,,,,,
2007,Ford,Explorer Timberline,SUV,14,0,28395,0,,,,,
2021,Hyundai,Palisade SEL,SUV,21,0,42000,0,,,,,
2015,Ford,F-150 XL,Pickup,19,0,27000,0,,,,,
2017,Ford,F-150 Lariat,Pickup,20,1,45000,0,,,,,
2019,INFINITI,QX60 Luxe,SUV,20,1,46900,0,,,,,
2018,Chevrolet,Sonic LT,Sedan,26,0,19800,0,,,,,
2018,Audi,A8 L 55,Sedan,24,1,85000,0,,,,,
2015,MINI,Cooper S Clubman Base,Hatchback,25,0,23900,0,,,,,
1994,Toyota,Land Cruiser Base,SUV,14,0,35000,0,,,,,
1998,Jeep,Liberty Sport,SUV,20,0,21000,0,,,,,
2020,Land,Rover Range Rover Sport Supercharged,SUV,19,1,83750,0,,,,,
2014,BMW,335 i,Sedan,20,1,42000,1,,,,,
2018,Volkswagen,Atlas 3.6L SEL Premium,SUV,20,1,49000,0,,,,,
2022,Nissan,NV Passenger NV3500 HD SL V8,Minivan,16,0,41550,0,,,,,
2006,Porsche,911 Carrera,Coupe,19,0,76000,1,,,,,
2003,Jeep,Wrangler SE,SUV,16,0,19545,0,,,,,
2022,Kia,K5 EX,Sedan,25,0,26500,0,,,,,
2023,BMW,X7 xDrive40i,SUV,22,1,83000,0,,,,,
2010,Dodge,Ram 1500 ST,Pickup,14,0,24000,0,,,,,
2021,Lamborghini,Urus Pearl Capsule,SUV,14,1,207326,0,,,,,
2023,Maserati,G 550 4x4 Squared Base,SUV,13,1,130000,0,,,,,
2023,Nissan,GT-R Premium,Coupe,20,1,115000,1,,,,,
2001,Mercedes-Benz,SLK-Class SLK320,Convertible,18,1,40000,0,,,,,
2017,Mercedes-Benz,AMG GLE AMG GLE 63 S-Model 4MATIC,SUV,18,1,104000,0,,,,,
2020,Ford,F-250 King Ranch,Pickup,15,1,60000,0,,,,,
2019,BMW,M760 i xDrive,Sedan,19,1,157800,0,,,,,
2020,Rolls-Royce,Cullinan,SUV,12,1,325000,1,,,,,
2020,Ford,911 GT3,Coupe,15,1,100000,1,,,,,
2014,Mercedes-Benz,E-Class E 550 4MATIC,Sedan,18,1,63000,0,,,,,
1997,Jaguar,XK8 Base,Coupe,18,0,70000,1,,,,,
2011,BMW,535 i xDrive,Sedan,20,1,60000,0,,,,,
2021,Cadillac,Escalade ESV Premium Luxury Platinum,SUV,16,1,102000,0,,,,,
2020,RAM,1500 Big Horn,Pickup,22,1,40000,0,,,,,
2012,Mercedes-Benz,CLS-Class CLS 550,Sedan,17,1,73500,0,,,,,
2018,Cadillac,CTS 2.0L Turbo Luxury,Sedan,30,0,68790,0,,,,,
2005,Ford,Mustang Premium,Coupe,20,1,25000,0,,,,,
2021,Ford,Explorer Timberline,SUV,20,0,45840,0,,,,,
2016,Dodge,Challenger SRT Hellcat,Coupe,13,1,64000,1,,,,,
2022,Audi,RS 7 4.0T quattro,Sedan,20,1,116500,1,,,,,
2022,Ford,F-250 XLT,Pickup,18,0,43000,0,,,,,
2016,BMW,M6 Base,Coupe,15,1,113000,0,,,,,
2019,Ford,Focus RS Base,Hatchback,22,1,36000,1,,,,,
2011,Porsche,Cayman Base,Coupe,20,0,52000,1,,,,,
2017,Mercedes-Benz,AMG C 63 Base,Sedan,19,1,67600,0,,,,,
2019,Audi,i8 Base,Coupe,76,0,147700,1,,,,,
2017,Mercedes-Benz,AMG G 63 Base,SUV,13,1,148900,1,,,,,
2021,Mercedes-Benz,S-Class S 550 4MATIC,Sedan,20,1,110000,0,,,,,
2013,Dodge,2500 Big Horn,Pickup,14,0,45000,0,,,,,
2023,Ford,Bronco Base,SUV,20,0,30000,0,,,,,
2013,GMC,Yukon SLT,SUV,15,1,50000,0,,,,,
2020,BMW,750 i xDrive,Sedan,20,1,94000,0,,,,,
2021,BMW,M3 CS,Sedan,20,1,99900,1,,,,,
2016,Volkswagen,Touareg VR6 Lux,SUV,23,0,49300,0,,,,,
2016,Toyota,Tundra SR5,Pickup,13,0,35000,0,,,,,
2005,Chrysler,300C Base,Sedan,20,0,35000,0,,,,,
2007,Mercedes-Benz,SLK-Class SLK 350,Convertible,19,0,52300,0,,,,,
2010,Cadillac,SRX Performance Collection,SUV,25,1,51000,0,,,,,
2008,Land,Rover Range Rover Sport Supercharged,SUV,12,1,71400,0,,,,,
2022,BMW,M3 Competition xDrive,Sedan,18,1,75000,0,,,,,
2021,Ford,Transit-350 XLT,Minivan,14,0,40000,0,,,,,
2019,Mercedes-Benz,E-Class AMG E 53,Sedan,21,1,74500,0,,,,,
2014,Mercedes-Benz,E-Class E 350 4MATIC,Sedan,20,0,59700,0,,,,,
2013,Cadillac,Escalade Premium Luxury Platinum,SUV,14,1,75000,0,,,,,
2020,Toyota,Tundra SR5,Pickup,13,0,38700,0,,,,,
2015,Porsche,Cayenne Turbo S,SUV,14,1,164000,1,,,,,
2019,BMW,X2 xDrive28i,SUV,24,1,38000,0,,,,,
2012,Audi,A3 2.0T Premium,Hatchback,30,1,30000,0,,,,,
2005,Porsche,911 Carrera,Coupe,20,0,80000,0,,,,,
2018,Land,Rover Range Rover Velar P250 SE R-Dynamic,SUV,24,1,64900,0,,,,,
2016,Lincoln,MKZ Reserve I,Sedan,31,1,45400,0,,,,,
2018,Porsche,718 Boxster S,Convertible,22,1,71300,0,,,,,
2015,Chevrolet,Suburban 1500 LTZ,SUV,18,1,67180,0,,,,,
2015,Toyota,Highlander XLE,SUV,21,1,40490,0,,,,,
2023,Audi,RS 7 4.0T quattro,Sedan,17,1,120000,1,,,,,
2020,Toyota,Tacoma PreRunner,Pickup,20,0,32000,0,,,,,
2015,Ford,Mustang V6,Coupe,19,0,24000,0,,,,,
2021,Dodge,Durango GT,SUV,21,0,34790,0,,,,,
2022,Toyota,Supra 3.0 Premium,Coupe,24,1,51500,0,,,,,
2006,BMW,135 i,Coupe,22,1,35000,0,,,,,
2019,Mercedes-Benz,E-Class E 400,Sedan,23,1,60000,0,,,,,
2006,BMW,M5 Base,Sedan,14,1,90000,1,,,,,
2009,Ford,Mustang GT,Coupe,17,0,34595,0,,,,,
2021,Kia,Sorento LX,SUV,26,0,30790,0,,,,,
2020,Cadillac,CT6-V 4.2L Blackwing Twin Turbo,Sedan,15,1,120000,0,,,,,
2020,Porsche,911 Carrera S,Coupe,22,1,113300,1,,,,,
2005,Dodge,Ram 1500 Laramie Mega Cab,Pickup,15,0,35000,0,,,,,
2008,Toyota,Tacoma PreRunner,Pickup,20,0,20000,0,,,,,
2021,Audi,A6 55 Premium Plus,Sedan,25,1,63200,0,,,,,
2021,Ford,F-150 XL,Pickup,20,0,29100,0,,,,,
2022,Chevrolet,Silverado 1500 ZR2,Pickup,16,1,70000,0,,,,,
2021,Mazda,CX-30 Preferred,SUV,25,0,25850,0,,,,,
2011,Chrysler,Town & Country Touring,Minivan,17,0,29995,0,,,,,
2017,RAM,2500 Powerwagon,Pickup,10,0,57000,0,,,,,
2018,Ford,Explorer Limited,SUV,20,1,52000,0,,,,,
1993,Ford,F-250 XL SuperCab H/D,Pickup,14,0,20000,0,,,,,
2015,Cadillac,XTS Luxury,Sedan,18,1,61000,0,,,,,
2014,Ford,Explorer XLT,SUV,20,0,32995,0,,,,,
2020,Jeep,Gladiator Rubicon,Pickup,17,1,43300,0,,,,,
2019,Porsche,Macan Turbo,SUV,20,1,85000,0,,,,,
2016,Maserati,Ghibli S Q4,Sedan,17,1,74900,0,,,,,
2011,Ford,F-150 Lariat,Pickup,15,1,38000,0,,,,,
2023,Ford,F-150 Raptor,Pickup,15,1,70000,0,,,,,
2015,MINI,Countryman Cooper S ALL4,SUV,25,1,26000,0,,,,,
2015,Audi,A4 2.0T Tech Premium,Sedan,27,1,38500,0,,,,,
2009,Audi,S4 4.2 quattro,Sedan,18,0,54100,1,,,,,
2021,Mazda,CX-30 Premium Package,SUV,25,1,29000,0,,,,,
2018,Land,Rover Range Rover Sport HSE Dynamic,SUV,22,1,71500,0,,,,,
2023,Toyota,Tundra SR5,Pickup,18,0,46300,0,,,,,
2016,Subaru,WRX STI Base,Sedan,18,0,34995,0,,,,,
2010,Mercedes-Benz,E-Class E 350 4MATIC,Sedan,20,0,55950,0,,,,,
2016,Audi,A6 2.0T Premium Plus,Sedan,30,1,56000,0,,,,,
2017,Mercedes-Benz,C-Class C 300 4MATIC,Sedan,25,1,42000,0,,,,,
2012,Toyota,4Runner 4WD,SUV,17,0,30500,0,,,,,